dates,yday
2015-01-01,1
2015-01-02,2
2015-01-03,3
2015-01-04,4
2015-01-05,5
2015-01-06,6
2015-01-07,7
2015-01-08,8
2015-01-09,9
2015-01-10,10
2015-01-11,11
2015-01-12,12
2015-01-13,13
2015-01-14,14
2015-01-15,15
2015-01-16,16
2015-01-17,17
2015-01-18,18
2015-01-19,19
2015-01-20,20
2015-01-21,21
2015-01-22,22
2015-01-23,23
2015-01-24,24
2015-01-25,25
2015-01-26,26
2015-01-27,27
2015-01-28,28
2015-01-29,29
2015-01-30,30
2015-01-31,31
2015-02-01,32
2015-02-02,33
2015-02-03,34
2015-02-04,35
2015-02-05,36
2015-02-06,37
2015-02-07,38
2015-02-08,39
2015-02-09,40
2015-02-10,41
2015-02-11,42
2015-02-12,43
2015-02-13,44
2015-02-14,45
2015-02-15,46
2015-02-16,47
2015-02-17,48
2015-02-18,49
2015-02-19,50
2015-02-20,51
2015-02-21,52
2015-02-22,53
2015-02-23,54
2015-02-24,55
2015-02-25,56
2015-02-26,57
2015-02-27,58
2015-02-28,59
2015-03-01,60
2015-03-02,61
2015-03-03,62
2015-03-04,63
2015-03-05,64
2015-03-06,65
2015-03-07,66
2015-03-08,67
2015-03-09,68
2015-03-10,69
2015-03-11,70
2015-03-12,71
2015-03-13,72
2015-03-14,73
2015-03-15,74
2015-03-16,75
2015-03-17,76
2015-03-18,77
2015-03-19,78
2015-03-20,79
2015-03-21,80
2015-03-22,81
2015-03-23,82
2015-03-24,83
2015-03-25,84
2015-03-26,85
2015-03-27,86
2015-03-28,87
2015-03-29,88
2015-03-30,89
2015-03-31,90
2015-04-01,91
2015-04-02,92
2015-04-03,93
2015-04-04,94
2015-04-05,95
2015-04-06,96
2015-04-07,97
2015-04-08,98
2015-04-09,99
2015-04-10,100
2015-04-11,101
2015-04-12,102
2015-04-13,103
2015-04-14,104
2015-04-15,105
2015-04-16,106
2015-04-17,107
2015-04-18,108
2015-04-19,109
2015-04-20,110
2015-04-21,111
2015-04-22,112
2015-04-23,113
2015-04-24,114
2015-04-25,115
2015-04-26,116
2015-04-27,117
2015-04-28,118
2015-04-29,119
2015-04-30,120
2015-05-01,121
2015-05-02,122
2015-05-03,123
2015-05-04,124
2015-05-05,125
2015-05-06,126
2015-05-07,127
2015-05-08,128
2015-05-09,129
2015-05-10,130
2015-05-11,131
2015-05-12,132
2015-05-13,133
2015-05-14,134
2015-05-15,135
2015-05-16,136
2015-05-17,137
2015-05-18,138
2015-05-19,139
2015-05-20,140
2015-05-21,141
2015-05-22,142
2015-05-23,143
2015-05-24,144
2015-05-25,145
2015-05-26,146
2015-05-27,147
2015-05-28,148
2015-05-29,149
2015-05-30,150
2015-05-31,151
2015-06-01,152
2015-06-02,153
2015-06-03,154
2015-06-04,155
2015-06-05,156
2015-06-06,157
2015-06-07,158
2015-06-08,159
2015-06-09,160
2015-06-10,161
2015-06-11,162
2015-06-12,163
2015-06-13,164
2015-06-14,165
2015-06-15,166
2015-06-16,167
2015-06-17,168
2015-06-18,169
2015-06-19,170
2015-06-20,171
2015-06-21,172
2015-06-22,173
2015-06-23,174
2015-06-24,175
2015-06-25,176
2015-06-26,177
2015-06-27,178
2015-06-28,179
2015-06-29,180
2015-06-30,181
2015-07-01,182
2015-07-02,183
2015-07-03,184
2015-07-04,185
2015-07-05,186
2015-07-06,187
2015-07-07,188
2015-07-08,189
2015-07-09,190
2015-07-10,191
2015-07-11,192
2015-07-12,193
2015-07-13,194
2015-07-14,195
2015-07-15,196
2015-07-16,197
2015-07-17,198
2015-07-18,199
2015-07-19,200
2015-07-20,201
2015-07-21,202
2015-07-22,203
2015-07-23,204
2015-07-24,205
2015-07-25,206
2015-07-26,207
2015-07-27,208
2015-07-28,209
2015-07-29,210
2015-07-30,211
2015-07-31,212
2015-08-01,213
2015-08-02,214
2015-08-03,215
2015-08-04,216
2015-08-05,217
2015-08-06,218
2015-08-07,219
2015-08-08,220
2015-08-09,221
2015-08-10,222
2015-08-11,223
2015-08-12,224
2015-08-13,225
2015-08-14,226
2015-08-15,227
2015-08-16,228
2015-08-17,229
2015-08-18,230
2015-08-19,231
2015-08-20,232
2015-08-21,233
2015-08-22,234
2015-08-23,235
2015-08-24,236
2015-08-25,237
2015-08-26,238
2015-08-27,239
2015-08-28,240
2015-08-29,241
2015-08-30,242
2015-08-31,243
2015-09-01,244
2015-09-02,245
2015-09-03,246
2015-09-04,247
2015-09-05,248
2015-09-06,249
2015-09-07,250
2015-09-08,251
2015-09-09,252
2015-09-10,253
2015-09-11,254
2015-09-12,255
2015-09-13,256
2015-09-14,257
2015-09-15,258
2015-09-16,259
2015-09-17,260
2015-09-18,261
2015-09-19,262
2015-09-20,263
2015-09-21,264
2015-09-22,265
2015-09-23,266
2015-09-24,267
2015-09-25,268
2015-09-26,269
2015-09-27,270
2015-09-28,271
2015-09-29,272
2015-09-30,273
2015-10-01,274
2015-10-02,275
2015-10-03,276
2015-10-04,277
2015-10-05,278
2015-10-06,279
2015-10-07,280
2015-10-08,281
2015-10-09,282
2015-10-10,283
2015-10-11,284
2015-10-12,285
2015-10-13,286
2015-10-14,287
2015-10-15,288
2015-10-16,289
2015-10-17,290
2015-10-18,291
2015-10-19,292
2015-10-20,293
2015-10-21,294
2015-10-22,295
2015-10-23,296
2015-10-24,297
2015-10-25,298
2015-10-26,299
2015-10-27,300
2015-10-28,301
2015-10-29,302
2015-10-30,303
2015-10-31,304
2015-11-01,305
2015-11-02,306
2015-11-03,307
2015-11-04,308
2015-11-05,309
2015-11-06,310
2015-11-07,311
2015-11-08,312
2015-11-09,313
2015-11-10,314
2015-11-11,315
2015-11-12,316
2015-11-13,317
2015-11-14,318
2015-11-15,319
2015-11-16,320
2015-11-17,321
2015-11-18,322
2015-11-19,323
2015-11-20,324
2015-11-21,325
2015-11-22,326
2015-11-23,327
2015-11-24,328
2015-11-25,329
2015-11-26,330
2015-11-27,331
2015-11-28,332
2015-11-29,333
2015-11-30,334
2015-12-01,335
2015-12-02,336
2015-12-03,337
2015-12-04,338
2015-12-05,339
2015-12-06,340
2015-12-07,341
2015-12-08,342
2015-12-09,343
2015-12-10,344
2015-12-11,345
2015-12-12,346
2015-12-13,347
2015-12-14,348
2015-12-15,349
2015-12-16,350
2015-12-17,351
2015-12-18,352
2015-12-19,353
2015-12-20,354
2015-12-21,355
2015-12-22,356
2015-12-23,357
2015-12-24,358
2015-12-25,359
2015-12-26,360
2015-12-27,361
2015-12-28,362
2015-12-29,363
2015-12-30,364
2015-12-31,365
2016-01-01,1
2016-01-02,2
2016-01-03,3
2016-01-04,4
2016-01-05,5
2016-01-06,6
2016-01-07,7
2016-01-08,8
2016-01-09,9
2016-01-10,10
2016-01-11,11
2016-01-12,12
2016-01-13,13
2016-01-14,14
2016-01-15,15
2016-01-16,16
2016-01-17,17
2016-01-18,18
2016-01-19,19
2016-01-20,20
2016-01-21,21
2016-01-22,22
2016-01-23,23
2016-01-24,24
2016-01-25,25
2016-01-26,26
2016-01-27,27
2016-01-28,28
2016-01-29,29
2016-01-30,30
2016-01-31,31
2016-02-01,32
2016-02-02,33
2016-02-03,34
2016-02-04,35
2016-02-05,36
2016-02-06,37
2016-02-07,38
2016-02-08,39
2016-02-09,40
2016-02-10,41
2016-02-11,42
2016-02-12,43
2016-02-13,44
2016-02-14,45
2016-02-15,46
2016-02-16,47
2016-02-17,48
2016-02-18,49
2016-02-19,50
2016-02-20,51
2016-02-21,52
2016-02-22,53
2016-02-23,54
2016-02-24,55
2016-02-25,56
2016-02-26,57
2016-02-27,58
2016-02-28,59
2016-02-29,60
2016-03-01,61
2016-03-02,62
2016-03-03,63
2016-03-04,64
2016-03-05,65
2016-03-06,66
2016-03-07,67
2016-03-08,68
2016-03-09,69
2016-03-10,70
2016-03-11,71
2016-03-12,72
2016-03-13,73
2016-03-14,74
2016-03-15,75
2016-03-16,76
2016-03-17,77
2016-03-18,78
2016-03-19,79
2016-03-20,80
2016-03-21,81
2016-03-22,82
2016-03-23,83
2016-03-24,84
2016-03-25,85
2016-03-26,86
2016-03-27,87
2016-03-28,88
2016-03-29,89
2016-03-30,90
2016-03-31,91
2016-04-01,92
2016-04-02,93
2016-04-03,94
2016-04-04,95
2016-04-05,96
2016-04-06,97
2016-04-07,98
2016-04-08,99
2016-04-09,100
2016-04-10,101
2016-04-11,102
2016-04-12,103
2016-04-13,104
2016-04-14,105
2016-04-15,106
2016-04-16,107
2016-04-17,108
2016-04-18,109
2016-04-19,110
2016-04-20,111
2016-04-21,112
2016-04-22,113
2016-04-23,114
2016-04-24,115
2016-04-25,116
2016-04-26,117
2016-04-27,118
2016-04-28,119
2016-04-29,120
2016-04-30,121
2016-05-01,122
2016-05-02,123
2016-05-03,124
2016-05-04,125
2016-05-05,126
2016-05-06,127
2016-05-07,128
2016-05-08,129
2016-05-09,130
2016-05-10,131
2016-05-11,132
2016-05-12,133
2016-05-13,134
2016-05-14,135
2016-05-15,136
2016-05-16,137
2016-05-17,138
2016-05-18,139
2016-05-19,140
2016-05-20,141
2016-05-21,142
2016-05-22,143
2016-05-23,144
2016-05-24,145
2016-05-25,146
2016-05-26,147
2016-05-27,148
2016-05-28,149
2016-05-29,150
2016-05-30,151
2016-05-31,152
2016-06-01,153
2016-06-02,154
2016-06-03,155
2016-06-04,156
2016-06-05,157
2016-06-06,158
2016-06-07,159
2016-06-08,160
2016-06-09,161
2016-06-10,162
2016-06-11,163
2016-06-12,164
2016-06-13,165
2016-06-14,166
2016-06-15,167
2016-06-16,168
2016-06-17,169
2016-06-18,170
2016-06-19,171
2016-06-20,172
2016-06-21,173
2016-06-22,174
2016-06-23,175
2016-06-24,176
2016-06-25,177
2016-06-26,178
2016-06-27,179
2016-06-28,180
2016-06-29,181
2016-06-30,182
2016-07-01,183
2016-07-02,184
2016-07-03,185
2016-07-04,186
2016-07-05,187
2016-07-06,188
2016-07-07,189
2016-07-08,190
2016-07-09,191
2016-07-10,192
2016-07-11,193
2016-07-12,194
2016-07-13,195
2016-07-14,196
2016-07-15,197
2016-07-16,198
2016-07-17,199
2016-07-18,200
2016-07-19,201
2016-07-20,202
2016-07-21,203
2016-07-22,204
2016-07-23,205
2016-07-24,206
2016-07-25,207
2016-07-26,208
2016-07-27,209
2016-07-28,210
2016-07-29,211
2016-07-30,212
2016-07-31,213
2016-08-01,214
2016-08-02,215
2016-08-03,216
2016-08-04,217
2016-08-05,218
2016-08-06,219
2016-08-07,220
2016-08-08,221
2016-08-09,222
2016-08-10,223
2016-08-11,224
2016-08-12,225
2016-08-13,226
2016-08-14,227
2016-08-15,228
2016-08-16,229
2016-08-17,230
2016-08-18,231
2016-08-19,232
2016-08-20,233
2016-08-21,234
2016-08-22,235
2016-08-23,236
2016-08-24,237
2016-08-25,238
2016-08-26,239
2016-08-27,240
2016-08-28,241
2016-08-29,242
2016-08-30,243
2016-08-31,244
2016-09-01,245
2016-09-02,246
2016-09-03,247
2016-09-04,248
2016-09-05,249
2016-09-06,250
2016-09-07,251
2016-09-08,252
2016-09-09,253
2016-09-10,254
2016-09-11,255
2016-09-12,256
2016-09-13,257
2016-09-14,258
2016-09-15,259
2016-09-16,260
2016-09-17,261
2016-09-18,262
2016-09-19,263
2016-09-20,264
2016-09-21,265
2016-09-22,266
2016-09-23,267
2016-09-24,268
2016-09-25,269
2016-09-26,270
2016-09-27,271
2016-09-28,272
2016-09-29,273
2016-09-30,274
2016-10-01,275
2016-10-02,276
2016-10-03,277
2016-10-04,278
2016-10-05,279
2016-10-06,280
2016-10-07,281
2016-10-08,282
2016-10-09,283
2016-10-10,284
2016-10-11,285
2016-10-12,286
2016-10-13,287
2016-10-14,288
2016-10-15,289
2016-10-16,290
2016-10-17,291
2016-10-18,292
2016-10-19,293
2016-10-20,294
2016-10-21,295
2016-10-22,296
2016-10-23,297
2016-10-24,298
2016-10-25,299
2016-10-26,300
2016-10-27,301
2016-10-28,302
2016-10-29,303
2016-10-30,304
2016-10-31,305
2016-11-01,306
2016-11-02,307
2016-11-03,308
2016-11-04,309
2016-11-05,310
2016-11-06,311
2016-11-07,312
2016-11-08,313
2016-11-09,314
2016-11-10,315
2016-11-11,316
2016-11-12,317
2016-11-13,318
2016-11-14,319
2016-11-15,320
2016-11-16,321
2016-11-17,322
2016-11-18,323
2016-11-19,324
2016-11-20,325
2016-11-21,326
2016-11-22,327
2016-11-23,328
2016-11-24,329
2016-11-25,330
2016-11-26,331
2016-11-27,332
2016-11-28,333
2016-11-29,334
2016-11-30,335
2016-12-01,336
2016-12-02,337
2016-12-03,338
2016-12-04,339
2016-12-05,340
2016-12-06,341
2016-12-07,342
2016-12-08,343
2016-12-09,344
2016-12-10,345
2016-12-11,346
2016-12-12,347
2016-12-13,348
2016-12-14,349
2016-12-15,350
2016-12-16,351
2016-12-17,352
2016-12-18,353
2016-12-19,354
2016-12-20,355
2016-12-21,356
2016-12-22,357
2016-12-23,358
2016-12-24,359
2016-12-25,360
2016-12-26,361
2016-12-27,362
2016-12-28,363
2016-12-29,364
2016-12-30,365
2016-12-31,366
2017-01-01,1
2017-01-02,2
2017-01-03,3
2017-01-04,4
2017-01-05,5
2017-01-06,6
2017-01-07,7
2017-01-08,8
2017-01-09,9
2017-01-10,10
2017-01-11,11
2017-01-12,12
2017-01-13,13
2017-01-14,14
2017-01-15,15
2017-01-16,16
2017-01-17,17
2017-01-18,18
2017-01-19,19
2017-01-20,20
2017-01-21,21
2017-01-22,22
2017-01-23,23
2017-01-24,24
2017-01-25,25
2017-01-26,26
2017-01-27,27
2017-01-28,28
2017-01-29,29
2017-01-30,30
2017-01-31,31
2017-02-01,32
2017-02-02,33
2017-02-03,34
2017-02-04,35
2017-02-05,36
2017-02-06,37
2017-02-07,38
2017-02-08,39
2017-02-09,40
2017-02-10,41
2017-02-11,42
2017-02-12,43
2017-02-13,44
2017-02-14,45
2017-02-15,46
2017-02-16,47
2017-02-17,48
2017-02-18,49
2017-02-19,50
2017-02-20,51
2017-02-21,52
2017-02-22,53
2017-02-23,54
2017-02-24,55
2017-02-25,56
2017-02-26,57
2017-02-27,58
2017-02-28,59
2017-03-01,60
2017-03-02,61
2017-03-03,62
2017-03-04,63
2017-03-05,64
2017-03-06,65
2017-03-07,66
2017-03-08,67
2017-03-09,68
2017-03-10,69
2017-03-11,70
2017-03-12,71
2017-03-13,72
2017-03-14,73
2017-03-15,74
2017-03-16,75
2017-03-17,76
2017-03-18,77
2017-03-19,78
2017-03-20,79
2017-03-21,80
2017-03-22,81
2017-03-23,82
2017-03-24,83
2017-03-25,84
2017-03-26,85
2017-03-27,86
2017-03-28,87
2017-03-29,88
2017-03-30,89
2017-03-31,90
2017-04-01,91
2017-04-02,92
2017-04-03,93
2017-04-04,94
2017-04-05,95
2017-04-06,96
2017-04-07,97
2017-04-08,98
2017-04-09,99
2017-04-10,100
2017-04-11,101
2017-04-12,102
2017-04-13,103
2017-04-14,104
2017-04-15,105
2017-04-16,106
2017-04-17,107
2017-04-18,108
2017-04-19,109
2017-04-20,110
2017-04-21,111
2017-04-22,112
2017-04-23,113
2017-04-24,114
2017-04-25,115
2017-04-26,116
2017-04-27,117
2017-04-28,118
2017-04-29,119
2017-04-30,120
2017-05-01,121
2017-05-02,122
2017-05-03,123
2017-05-04,124
2017-05-05,125
2017-05-06,126
2017-05-07,127
2017-05-08,128
2017-05-09,129
2017-05-10,130
2017-05-11,131
2017-05-12,132
2017-05-13,133
2017-05-14,134
2017-05-15,135
2017-05-16,136
2017-05-17,137
2017-05-18,138
2017-05-19,139
2017-05-20,140
2017-05-21,141
2017-05-22,142
2017-05-23,143
2017-05-24,144
2017-05-25,145
2017-05-26,146
2017-05-27,147
2017-05-28,148
2017-05-29,149
2017-05-30,150
2017-05-31,151
2017-06-01,152
2017-06-02,153
2017-06-03,154
2017-06-04,155
2017-06-05,156
2017-06-06,157
2017-06-07,158
2017-06-08,159
2017-06-09,160
2017-06-10,161
2017-06-11,162
2017-06-12,163
2017-06-13,164
2017-06-14,165
2017-06-15,166
2017-06-16,167
2017-06-17,168
2017-06-18,169
2017-06-19,170
2017-06-20,171
2017-06-21,172
2017-06-22,173
2017-06-23,174
2017-06-24,175
2017-06-25,176
2017-06-26,177
2017-06-27,178
2017-06-28,179
2017-06-29,180
2017-06-30,181
2017-07-01,182
2017-07-02,183
2017-07-03,184
2017-07-04,185
2017-07-05,186
2017-07-06,187
2017-07-07,188
2017-07-08,189
2017-07-09,190
2017-07-10,191
2017-07-11,192
2017-07-12,193
2017-07-13,194
2017-07-14,195
2017-07-15,196
2017-07-16,197
2017-07-17,198
2017-07-18,199
2017-07-19,200
2017-07-20,201
2017-07-21,202
2017-07-22,203
2017-07-23,204
2017-07-24,205
2017-07-25,206
2017-07-26,207
2017-07-27,208
2017-07-28,209
2017-07-29,210
2017-07-30,211
2017-07-31,212
2017-08-01,213
2017-08-02,214
2017-08-03,215
2017-08-04,216
2017-08-05,217
2017-08-06,218
2017-08-07,219
2017-08-08,220
2017-08-09,221
2017-08-10,222
2017-08-11,223
2017-08-12,224
2017-08-13,225
2017-08-14,226
2017-08-15,227
2017-08-16,228
2017-08-17,229
2017-08-18,230
2017-08-19,231
2017-08-20,232
2017-08-21,233
2017-08-22,234
2017-08-23,235
2017-08-24,236
2017-08-25,237
2017-08-26,238
2017-08-27,239
2017-08-28,240
2017-08-29,241
2017-08-30,242
2017-08-31,243
2017-09-01,244
2017-09-02,245
2017-09-03,246
2017-09-04,247
2017-09-05,248
2017-09-06,249
2017-09-07,250
2017-09-08,251
2017-09-09,252
2017-09-10,253
2017-09-11,254
2017-09-12,255
2017-09-13,256
2017-09-14,257
2017-09-15,258
2017-09-16,259
2017-09-17,260
2017-09-18,261
2017-09-19,262
2017-09-20,263
2017-09-21,264
2017-09-22,265
2017-09-23,266
2017-09-24,267
2017-09-25,268
2017-09-26,269
2017-09-27,270
2017-09-28,271
2017-09-29,272
2017-09-30,273
2017-10-01,274
2017-10-02,275
2017-10-03,276
2017-10-04,277
2017-10-05,278
2017-10-06,279
2017-10-07,280
2017-10-08,281
2017-10-09,282
2017-10-10,283
2017-10-11,284
2017-10-12,285
2017-10-13,286
2017-10-14,287
2017-10-15,288
2017-10-16,289
2017-10-17,290
2017-10-18,291
2017-10-19,292
2017-10-20,293
2017-10-21,294
2017-10-22,295
2017-10-23,296
2017-10-24,297
2017-10-25,298
2017-10-26,299
2017-10-27,300
2017-10-28,301
2017-10-29,302
2017-10-30,303
2017-10-31,304
2017-11-01,305
2017-11-02,306
2017-11-03,307
2017-11-04,308
2017-11-05,309
2017-11-06,310
2017-11-07,311
2017-11-08,312
2017-11-09,313
2017-11-10,314
2017-11-11,315
2017-11-12,316
2017-11-13,317
2017-11-14,318
2017-11-15,319
2017-11-16,320
2017-11-17,321
2017-11-18,322
2017-11-19,323
2017-11-20,324
2017-11-21,325
2017-11-22,326
2017-11-23,327
2017-11-24,328
2017-11-25,329
2017-11-26,330
2017-11-27,331
2017-11-28,332
2017-11-29,333
2017-11-30,334
2017-12-01,335
2017-12-02,336
2017-12-03,337
2017-12-04,338
2017-12-05,339
2017-12-06,340
2017-12-07,341
2017-12-08,342
2017-12-09,343
2017-12-10,344
2017-12-11,345
2017-12-12,346
2017-12-13,347
2017-12-14,348
2017-12-15,349
2017-12-16,350
2017-12-17,351
2017-12-18,352
2017-12-19,353
2017-12-20,354
2017-12-21,355
2017-12-22,356
2017-12-23,357
2017-12-24,358
2017-12-25,359
2017-12-26,360
2017-12-27,361
2017-12-28,362
2017-12-29,363
2017-12-30,364
2017-12-31,365
2018-01-01,1
2018-01-02,2
2018-01-03,3
2018-01-04,4
2018-01-05,5
2018-01-06,6
2018-01-07,7
2018-01-08,8
2018-01-09,9
2018-01-10,10
2018-01-11,11
2018-01-12,12
2018-01-13,13
2018-01-14,14
2018-01-15,15
2018-01-16,16
2018-01-17,17
2018-01-18,18
2018-01-19,19
2018-01-20,20
2018-01-21,21
2018-01-22,22
2018-01-23,23
2018-01-24,24
2018-01-25,25
2018-01-26,26
2018-01-27,27
2018-01-28,28
2018-01-29,29
2018-01-30,30
2018-01-31,31
2018-02-01,32
2018-02-02,33
2018-02-03,34
2018-02-04,35
2018-02-05,36
2018-02-06,37
2018-02-07,38
2018-02-08,39
2018-02-09,40
2018-02-10,41
2018-02-11,42
2018-02-12,43
2018-02-13,44
2018-02-14,45
2018-02-15,46
2018-02-16,47
2018-02-17,48
2018-02-18,49
2018-02-19,50
2018-02-20,51
2018-02-21,52
2018-02-22,53
2018-02-23,54
2018-02-24,55
2018-02-25,56
2018-02-26,57
2018-02-27,58
2018-02-28,59
2018-03-01,60
2018-03-02,61
2018-03-03,62
2018-03-04,63
2018-03-05,64
2018-03-06,65
2018-03-07,66
2018-03-08,67
2018-03-09,68
2018-03-10,69
2018-03-11,70
2018-03-12,71
2018-03-13,72
2018-03-14,73
2018-03-15,74
2018-03-16,75
2018-03-17,76
2018-03-18,77
2018-03-19,78
2018-03-20,79
2018-03-21,80
2018-03-22,81
2018-03-23,82
2018-03-24,83
2018-03-25,84
2018-03-26,85
2018-03-27,86
2018-03-28,87
2018-03-29,88
2018-03-30,89
2018-03-31,90
2018-04-01,91
2018-04-02,92
2018-04-03,93
2018-04-04,94
2018-04-05,95
2018-04-06,96
2018-04-07,97
2018-04-08,98
2018-04-09,99
2018-04-10,100
2018-04-11,101
2018-04-12,102
2018-04-13,103
2018-04-14,104
2018-04-15,105
2018-04-16,106
2018-04-17,107
2018-04-18,108
2018-04-19,109
2018-04-20,110
2018-04-21,111
2018-04-22,112
2018-04-23,113
2018-04-24,114
2018-04-25,115
2018-04-26,116
2018-04-27,117
2018-04-28,118
2018-04-29,119
2018-04-30,120
2018-05-01,121
2018-05-02,122
2018-05-03,123
2018-05-04,124
2018-05-05,125
2018-05-06,126
2018-05-07,127
2018-05-08,128
2018-05-09,129
2018-05-10,130
2018-05-11,131
2018-05-12,132
2018-05-13,133
2018-05-14,134
2018-05-15,135
2018-05-16,136
2018-05-17,137
2018-05-18,138
2018-05-19,139
2018-05-20,140
2018-05-21,141
2018-05-22,142
2018-05-23,143
2018-05-24,144
2018-05-25,145
2018-05-26,146
2018-05-27,147
2018-05-28,148
2018-05-29,149
2018-05-30,150
2018-05-31,151
2018-06-01,152
2018-06-02,153
2018-06-03,154
2018-06-04,155
2018-06-05,156
2018-06-06,157
2018-06-07,158
2018-06-08,159
2018-06-09,160
2018-06-10,161
2018-06-11,162
2018-06-12,163
2018-06-13,164
2018-06-14,165
2018-06-15,166
2018-06-16,167
2018-06-17,168
2018-06-18,169
2018-06-19,170
2018-06-20,171
2018-06-21,172
2018-06-22,173
2018-06-23,174
2018-06-24,175
2018-06-25,176
2018-06-26,177
2018-06-27,178
2018-06-28,179
2018-06-29,180
2018-06-30,181
2018-07-01,182
2018-07-02,183
2018-07-03,184
2018-07-04,185
2018-07-05,186
2018-07-06,187
2018-07-07,188
2018-07-08,189
2018-07-09,190
2018-07-10,191
2018-07-11,192
2018-07-12,193
2018-07-13,194
2018-07-14,195
2018-07-15,196
2018-07-16,197
2018-07-17,198
2018-07-18,199
2018-07-19,200
2018-07-20,201
2018-07-21,202
2018-07-22,203
2018-07-23,204
2018-07-24,205
2018-07-25,206
2018-07-26,207
2018-07-27,208
2018-07-28,209
2018-07-29,210
2018-07-30,211
2018-07-31,212
2018-08-01,213
2018-08-02,214
2018-08-03,215
2018-08-04,216
2018-08-05,217
2018-08-06,218
2018-08-07,219
2018-08-08,220
2018-08-09,221
2018-08-10,222
2018-08-11,223
2018-08-12,224
2018-08-13,225
2018-08-14,226
2018-08-15,227
2018-08-16,228
2018-08-17,229
2018-08-18,230
2018-08-19,231
2018-08-20,232
2018-08-21,233
2018-08-22,234
2018-08-23,235
2018-08-24,236
2018-08-25,237
2018-08-26,238
2018-08-27,239
2018-08-28,240
2018-08-29,241
2018-08-30,242
2018-08-31,243
2018-09-01,244
2018-09-02,245
2018-09-03,246
2018-09-04,247
2018-09-05,248
2018-09-06,249
2018-09-07,250
2018-09-08,251
2018-09-09,252
2018-09-10,253
2018-09-11,254
2018-09-12,255
2018-09-13,256
2018-09-14,257
2018-09-15,258
2018-09-16,259
2018-09-17,260
2018-09-18,261
2018-09-19,262
2018-09-20,263
2018-09-21,264
2018-09-22,265
2018-09-23,266
2018-09-24,267
2018-09-25,268
2018-09-26,269
2018-09-27,270
2018-09-28,271
2018-09-29,272
2018-09-30,273
2018-10-01,274
2018-10-02,275
2018-10-03,276
2018-10-04,277
2018-10-05,278
2018-10-06,279
2018-10-07,280
2018-10-08,281
2018-10-09,282
2018-10-10,283
2018-10-11,284
2018-10-12,285
2018-10-13,286
2018-10-14,287
2018-10-15,288
2018-10-16,289
2018-10-17,290
2018-10-18,291
2018-10-19,292
2018-10-20,293
2018-10-21,294
2018-10-22,295
2018-10-23,296
2018-10-24,297
2018-10-25,298
2018-10-26,299
2018-10-27,300
2018-10-28,301
2018-10-29,302
2018-10-30,303
2018-10-31,304
2018-11-01,305
2018-11-02,306
2018-11-03,307
2018-11-04,308
2018-11-05,309
2018-11-06,310
2018-11-07,311
2018-11-08,312
2018-11-09,313
2018-11-10,314
2018-11-11,315
2018-11-12,316
2018-11-13,317
2018-11-14,318
2018-11-15,319
2018-11-16,320
2018-11-17,321
2018-11-18,322
2018-11-19,323
2018-11-20,324
2018-11-21,325
2018-11-22,326
2018-11-23,327
2018-11-24,328
2018-11-25,329
2018-11-26,330
2018-11-27,331
2018-11-28,332
2018-11-29,333
2018-11-30,334
2018-12-01,335
2018-12-02,336
2018-12-03,337
2018-12-04,338
2018-12-05,339
2018-12-06,340
2018-12-07,341
2018-12-08,342
2018-12-09,343
2018-12-10,344
2018-12-11,345
2018-12-12,346
2018-12-13,347
2018-12-14,348
2018-12-15,349
2018-12-16,350
2018-12-17,351
2018-12-18,352
2018-12-19,353
2018-12-20,354
2018-12-21,355
2018-12-22,356
2018-12-23,357
2018-12-24,358
2018-12-25,359
2018-12-26,360
2018-12-27,361
2018-12-28,362
2018-12-29,363
2018-12-30,364
2018-12-31,365
2019-01-01,1
2019-01-02,2
2019-01-03,3
2019-01-04,4
2019-01-05,5
2019-01-06,6
2019-01-07,7
2019-01-08,8
2019-01-09,9
2019-01-10,10
2019-01-11,11
2019-01-12,12
2019-01-13,13
2019-01-14,14
2019-01-15,15
2019-01-16,16
2019-01-17,17
2019-01-18,18
2019-01-19,19
2019-01-20,20
2019-01-21,21
2019-01-22,22
2019-01-23,23
2019-01-24,24
2019-01-25,25
2019-01-26,26
2019-01-27,27
2019-01-28,28
2019-01-29,29
2019-01-30,30
2019-01-31,31
2019-02-01,32
2019-02-02,33
2019-02-03,34
2019-02-04,35
2019-02-05,36
2019-02-06,37
2019-02-07,38
2019-02-08,39
2019-02-09,40
2019-02-10,41
2019-02-11,42
2019-02-12,43
2019-02-13,44
2019-02-14,45
2019-02-15,46
2019-02-16,47
2019-02-17,48
2019-02-18,49
2019-02-19,50
2019-02-20,51
2019-02-21,52
2019-02-22,53
2019-02-23,54
2019-02-24,55
2019-02-25,56
2019-02-26,57
2019-02-27,58
2019-02-28,59
2019-03-01,60
2019-03-02,61
2019-03-03,62
2019-03-04,63
2019-03-05,64
2019-03-06,65
2019-03-07,66
2019-03-08,67
2019-03-09,68
2019-03-10,69
2019-03-11,70
2019-03-12,71
2019-03-13,72
2019-03-14,73
2019-03-15,74
2019-03-16,75
2019-03-17,76
2019-03-18,77
2019-03-19,78
2019-03-20,79
2019-03-21,80
2019-03-22,81
2019-03-23,82
2019-03-24,83
2019-03-25,84
2019-03-26,85
2019-03-27,86
2019-03-28,87
2019-03-29,88
2019-03-30,89
2019-03-31,90
2019-04-01,91
2019-04-02,92
2019-04-03,93
2019-04-04,94
2019-04-05,95
2019-04-06,96
2019-04-07,97
2019-04-08,98
2019-04-09,99
2019-04-10,100
2019-04-11,101
2019-04-12,102
2019-04-13,103
2019-04-14,104
2019-04-15,105
2019-04-16,106
2019-04-17,107
2019-04-18,108
2019-04-19,109
2019-04-20,110
2019-04-21,111
2019-04-22,112
2019-04-23,113
2019-04-24,114
2019-04-25,115
2019-04-26,116
2019-04-27,117
2019-04-28,118
2019-04-29,119
2019-04-30,120
2019-05-01,121
2019-05-02,122
2019-05-03,123
2019-05-04,124
2019-05-05,125
2019-05-06,126
2019-05-07,127
2019-05-08,128
2019-05-09,129
2019-05-10,130
2019-05-11,131
2019-05-12,132
2019-05-13,133
2019-05-14,134
2019-05-15,135
2019-05-16,136
2019-05-17,137
2019-05-18,138
2019-05-19,139
2019-05-20,140
2019-05-21,141
2019-05-22,142
2019-05-23,143
2019-05-24,144
2019-05-25,145
2019-05-26,146
2019-05-27,147
2019-05-28,148
2019-05-29,149
2019-05-30,150
2019-05-31,151
2019-06-01,152
2019-06-02,153
2019-06-03,154
2019-06-04,155
2019-06-05,156
2019-06-06,157
2019-06-07,158
2019-06-08,159
2019-06-09,160
2019-06-10,161
2019-06-11,162
2019-06-12,163
2019-06-13,164
2019-06-14,165
2019-06-15,166
2019-06-16,167
2019-06-17,168
2019-06-18,169
2019-06-19,170
2019-06-20,171
2019-06-21,172
2019-06-22,173
2019-06-23,174
2019-06-24,175
2019-06-25,176
2019-06-26,177
2019-06-27,178
2019-06-28,179
2019-06-29,180
2019-06-30,181
2019-07-01,182
2019-07-02,183
2019-07-03,184
2019-07-04,185
2019-07-05,186
2019-07-06,187
2019-07-07,188
2019-07-08,189
2019-07-09,190
2019-07-10,191
2019-07-11,192
2019-07-12,193
2019-07-13,194
2019-07-14,195
2019-07-15,196
2019-07-16,197
2019-07-17,198
2019-07-18,199
2019-07-19,200
2019-07-20,201
2019-07-21,202
2019-07-22,203
2019-07-23,204
2019-07-24,205
2019-07-25,206
2019-07-26,207
2019-07-27,208
2019-07-28,209
2019-07-29,210
2019-07-30,211
2019-07-31,212
2019-08-01,213
2019-08-02,214
2019-08-03,215
2019-08-04,216
2019-08-05,217
2019-08-06,218
2019-08-07,219
2019-08-08,220
2019-08-09,221
2019-08-10,222
2019-08-11,223
2019-08-12,224
2019-08-13,225
2019-08-14,226
2019-08-15,227
2019-08-16,228
2019-08-17,229
2019-08-18,230
2019-08-19,231
2019-08-20,232
2019-08-21,233
2019-08-22,234
2019-08-23,235
2019-08-24,236
2019-08-25,237
2019-08-26,238
2019-08-27,239
2019-08-28,240
2019-08-29,241
2019-08-30,242
2019-08-31,243
2019-09-01,244
2019-09-02,245
2019-09-03,246
2019-09-04,247
2019-09-05,248
2019-09-06,249
2019-09-07,250
2019-09-08,251
2019-09-09,252
2019-09-10,253
2019-09-11,254
2019-09-12,255
2019-09-13,256
2019-09-14,257
2019-09-15,258
2019-09-16,259
2019-09-17,260
2019-09-18,261
2019-09-19,262
2019-09-20,263
2019-09-21,264
2019-09-22,265
2019-09-23,266
2019-09-24,267
2019-09-25,268
2019-09-26,269
2019-09-27,270
2019-09-28,271
2019-09-29,272
2019-09-30,273
2019-10-01,274
2019-10-02,275
2019-10-03,276
2019-10-04,277
2019-10-05,278
2019-10-06,279
2019-10-07,280
2019-10-08,281
2019-10-09,282
2019-10-10,283
2019-10-11,284
2019-10-12,285
2019-10-13,286
2019-10-14,287
2019-10-15,288
2019-10-16,289
2019-10-17,290
2019-10-18,291
2019-10-19,292
2019-10-20,293
2019-10-21,294
2019-10-22,295
2019-10-23,296
2019-10-24,297
2019-10-25,298
2019-10-26,299
2019-10-27,300
2019-10-28,301
2019-10-29,302
2019-10-30,303
2019-10-31,304
2019-11-01,305
2019-11-02,306
2019-11-03,307
2019-11-04,308
2019-11-05,309
2019-11-06,310
2019-11-07,311
2019-11-08,312
2019-11-09,313
2019-11-10,314
2019-11-11,315
2019-11-12,316
2019-11-13,317
2019-11-14,318
2019-11-15,319
2019-11-16,320
2019-11-17,321
2019-11-18,322
2019-11-19,323
2019-11-20,324
2019-11-21,325
2019-11-22,326
2019-11-23,327
2019-11-24,328
2019-11-25,329
2019-11-26,330
2019-11-27,331
2019-11-28,332
2019-11-29,333
2019-11-30,334
2019-12-01,335
2019-12-02,336
2019-12-03,337
2019-12-04,338
2019-12-05,339
2019-12-06,340
2019-12-07,341
2019-12-08,342
2019-12-09,343
2019-12-10,344
2019-12-11,345
2019-12-12,346
2019-12-13,347
2019-12-14,348
2019-12-15,349
2019-12-16,350
2019-12-17,351
2019-12-18,352
2019-12-19,353
2019-12-20,354
2019-12-21,355
2019-12-22,356
2019-12-23,357
2019-12-24,358
2019-12-25,359
2019-12-26,360
2019-12-27,361
2019-12-28,362
2019-12-29,363
2019-12-30,364
2019-12-31,365
2020-01-01,1
2020-01-02,2
2020-01-03,3
2020-01-04,4
2020-01-05,5
2020-01-06,6
2020-01-07,7
2020-01-08,8
2020-01-09,9
2020-01-10,10
2020-01-11,11
2020-01-12,12
2020-01-13,13
2020-01-14,14
2020-01-15,15
2020-01-16,16
2020-01-17,17
2020-01-18,18
2020-01-19,19
2020-01-20,20
2020-01-21,21
2020-01-22,22
2020-01-23,23
2020-01-24,24
2020-01-25,25
2020-01-26,26
2020-01-27,27
2020-01-28,28
2020-01-29,29
2020-01-30,30
2020-01-31,31
2020-02-01,32
2020-02-02,33
2020-02-03,34
2020-02-04,35
2020-02-05,36
2020-02-06,37
2020-02-07,38
2020-02-08,39
2020-02-09,40
2020-02-10,41
2020-02-11,42
2020-02-12,43
2020-02-13,44
2020-02-14,45
2020-02-15,46
2020-02-16,47
2020-02-17,48
2020-02-18,49
2020-02-19,50
2020-02-20,51
2020-02-21,52
2020-02-22,53
2020-02-23,54
2020-02-24,55
2020-02-25,56
2020-02-26,57
2020-02-27,58
2020-02-28,59
2020-02-29,60
2020-03-01,61
2020-03-02,62
2020-03-03,63
2020-03-04,64
2020-03-05,65
2020-03-06,66
2020-03-07,67
2020-03-08,68
2020-03-09,69
2020-03-10,70
2020-03-11,71
2020-03-12,72
2020-03-13,73
2020-03-14,74
2020-03-15,75
2020-03-16,76
2020-03-17,77
2020-03-18,78
2020-03-19,79
2020-03-20,80
2020-03-21,81
2020-03-22,82
2020-03-23,83
2020-03-24,84
2020-03-25,85
2020-03-26,86
2020-03-27,87
2020-03-28,88
2020-03-29,89
2020-03-30,90
2020-03-31,91
2020-04-01,92
2020-04-02,93
2020-04-03,94
2020-04-04,95
2020-04-05,96
2020-04-06,97
2020-04-07,98
2020-04-08,99
2020-04-09,100
2020-04-10,101
2020-04-11,102
2020-04-12,103
2020-04-13,104
2020-04-14,105
2020-04-15,106
2020-04-16,107
2020-04-17,108
2020-04-18,109
2020-04-19,110
2020-04-20,111
2020-04-21,112
2020-04-22,113
2020-04-23,114
2020-04-24,115
2020-04-25,116
2020-04-26,117
2020-04-27,118
2020-04-28,119
2020-04-29,120
2020-04-30,121
2020-05-01,122
2020-05-02,123
2020-05-03,124
2020-05-04,125
2020-05-05,126
2020-05-06,127
2020-05-07,128
2020-05-08,129
2020-05-09,130
2020-05-10,131
2020-05-11,132
2020-05-12,133
2020-05-13,134
2020-05-14,135
2020-05-15,136
2020-05-16,137
2020-05-17,138
2020-05-18,139
2020-05-19,140
2020-05-20,141
2020-05-21,142
2020-05-22,143
2020-05-23,144
2020-05-24,145
2020-05-25,146
2020-05-26,147
2020-05-27,148
2020-05-28,149
2020-05-29,150
2020-05-30,151
2020-05-31,152
2020-06-01,153
2020-06-02,154
2020-06-03,155
2020-06-04,156
2020-06-05,157
2020-06-06,158
2020-06-07,159
2020-06-08,160
2020-06-09,161
2020-06-10,162
2020-06-11,163
2020-06-12,164
2020-06-13,165
2020-06-14,166
2020-06-15,167
2020-06-16,168
2020-06-17,169
2020-06-18,170
2020-06-19,171
2020-06-20,172
2020-06-21,173
2020-06-22,174
2020-06-23,175
2020-06-24,176
2020-06-25,177
2020-06-26,178
2020-06-27,179
2020-06-28,180
2020-06-29,181
2020-06-30,182
2020-07-01,183
2020-07-02,184
2020-07-03,185
2020-07-04,186
2020-07-05,187
2020-07-06,188
2020-07-07,189
2020-07-08,190
2020-07-09,191
2020-07-10,192
2020-07-11,193
2020-07-12,194
2020-07-13,195
2020-07-14,196
2020-07-15,197
2020-07-16,198
2020-07-17,199
2020-07-18,200
2020-07-19,201
2020-07-20,202
2020-07-21,203
2020-07-22,204
2020-07-23,205
2020-07-24,206
2020-07-25,207
2020-07-26,208
2020-07-27,209
2020-07-28,210
2020-07-29,211
2020-07-30,212
2020-07-31,213
2020-08-01,214
2020-08-02,215
2020-08-03,216
2020-08-04,217
2020-08-05,218
2020-08-06,219
2020-08-07,220
2020-08-08,221
2020-08-09,222
2020-08-10,223
2020-08-11,224
2020-08-12,225
2020-08-13,226
2020-08-14,227
2020-08-15,228
2020-08-16,229
2020-08-17,230
2020-08-18,231
2020-08-19,232
2020-08-20,233
2020-08-21,234
2020-08-22,235
2020-08-23,236
2020-08-24,237
2020-08-25,238
2020-08-26,239
2020-08-27,240
2020-08-28,241
2020-08-29,242
2020-08-30,243
2020-08-31,244
2020-09-01,245
2020-09-02,246
2020-09-03,247
2020-09-04,248
2020-09-05,249
2020-09-06,250
2020-09-07,251
2020-09-08,252
2020-09-09,253
2020-09-10,254
2020-09-11,255
2020-09-12,256
2020-09-13,257
2020-09-14,258
2020-09-15,259
2020-09-16,260
2020-09-17,261
2020-09-18,262
2020-09-19,263
2020-09-20,264
2020-09-21,265
2020-09-22,266
2020-09-23,267
2020-09-24,268
2020-09-25,269
2020-09-26,270
2020-09-27,271
2020-09-28,272
2020-09-29,273
2020-09-30,274
2020-10-01,275
2020-10-02,276
2020-10-03,277
2020-10-04,278
2020-10-05,279
2020-10-06,280
2020-10-07,281
2020-10-08,282
2020-10-09,283
2020-10-10,284
2020-10-11,285
2020-10-12,286
2020-10-13,287
2020-10-14,288
2020-10-15,289
2020-10-16,290
2020-10-17,291
2020-10-18,292
2020-10-19,293
2020-10-20,294
2020-10-21,295
2020-10-22,296
2020-10-23,297
2020-10-24,298
2020-10-25,299
2020-10-26,300
2020-10-27,301
2020-10-28,302
2020-10-29,303
2020-10-30,304
2020-10-31,305
2020-11-01,306
2020-11-02,307
2020-11-03,308
2020-11-04,309
2020-11-05,310
2020-11-06,311
2020-11-07,312
2020-11-08,313
2020-11-09,314
2020-11-10,315
2020-11-11,316
2020-11-12,317
2020-11-13,318
2020-11-14,319
2020-11-15,320
2020-11-16,321
2020-11-17,322
2020-11-18,323
2020-11-19,324
2020-11-20,325
2020-11-21,326
2020-11-22,327
2020-11-23,328
2020-11-24,329
2020-11-25,330
2020-11-26,331
2020-11-27,332
2020-11-28,333
2020-11-29,334
2020-11-30,335
2020-12-01,336
2020-12-02,337
2020-12-03,338
2020-12-04,339
2020-12-05,340
2020-12-06,341
2020-12-07,342
2020-12-08,343
2020-12-09,344
2020-12-10,345
2020-12-11,346
2020-12-12,347
2020-12-13,348
2020-12-14,349
2020-12-15,350
2020-12-16,351
2020-12-17,352
2020-12-18,353
2020-12-19,354
2020-12-20,355
2020-12-21,356
2020-12-22,357
2020-12-23,358
2020-12-24,359
2020-12-25,360
2020-12-26,361
2020-12-27,362
2020-12-28,363
2020-12-29,364
2020-12-30,365
2020-12-31,366
2021-01-01,1
2021-01-02,2
2021-01-03,3
2021-01-04,4
2021-01-05,5
2021-01-06,6
2021-01-07,7
2021-01-08,8
2021-01-09,9
2021-01-10,10
2021-01-11,11
2021-01-12,12
2021-01-13,13
2021-01-14,14
2021-01-15,15
2021-01-16,16
2021-01-17,17
2021-01-18,18
2021-01-19,19
2021-01-20,20
2021-01-21,21
2021-01-22,22
2021-01-23,23
2021-01-24,24
2021-01-25,25
2021-01-26,26
2021-01-27,27
2021-01-28,28
2021-01-29,29
2021-01-30,30
2021-01-31,31
2021-02-01,32
2021-02-02,33
2021-02-03,34
2021-02-04,35
2021-02-05,36
2021-02-06,37
2021-02-07,38
2021-02-08,39
2021-02-09,40
2021-02-10,41
2021-02-11,42
2021-02-12,43
2021-02-13,44
2021-02-14,45
2021-02-15,46
2021-02-16,47
2021-02-17,48
2021-02-18,49
2021-02-19,50
2021-02-20,51
2021-02-21,52
2021-02-22,53
2021-02-23,54
2021-02-24,55
2021-02-25,56
2021-02-26,57
2021-02-27,58
2021-02-28,59
2021-03-01,60
2021-03-02,61
2021-03-03,62
2021-03-04,63
2021-03-05,64
2021-03-06,65
2021-03-07,66
2021-03-08,67
2021-03-09,68
2021-03-10,69
2021-03-11,70
2021-03-12,71
2021-03-13,72
2021-03-14,73
2021-03-15,74
2021-03-16,75
2021-03-17,76
2021-03-18,77
2021-03-19,78
2021-03-20,79
2021-03-21,80
2021-03-22,81
2021-03-23,82
2021-03-24,83
2021-03-25,84
2021-03-26,85
2021-03-27,86
2021-03-28,87
2021-03-29,88
2021-03-30,89
2021-03-31,90
2021-04-01,91
2021-04-02,92
2021-04-03,93
2021-04-04,94
2021-04-05,95
2021-04-06,96
2021-04-07,97
2021-04-08,98
2021-04-09,99
2021-04-10,100
2021-04-11,101
2021-04-12,102
2021-04-13,103
2021-04-14,104
2021-04-15,105
2021-04-16,106
2021-04-17,107
2021-04-18,108
2021-04-19,109
2021-04-20,110
2021-04-21,111
2021-04-22,112
2021-04-23,113
2021-04-24,114
2021-04-25,115
2021-04-26,116
2021-04-27,117
2021-04-28,118
2021-04-29,119
2021-04-30,120
2021-05-01,121
2021-05-02,122
2021-05-03,123
2021-05-04,124
2021-05-05,125
2021-05-06,126
2021-05-07,127
2021-05-08,128
2021-05-09,129
2021-05-10,130
2021-05-11,131
2021-05-12,132
2021-05-13,133
2021-05-14,134
2021-05-15,135
2021-05-16,136
2021-05-17,137
2021-05-18,138
2021-05-19,139
2021-05-20,140
2021-05-21,141
2021-05-22,142
2021-05-23,143
2021-05-24,144
2021-05-25,145
2021-05-26,146
2021-05-27,147
2021-05-28,148
2021-05-29,149
2021-05-30,150
2021-05-31,151
2021-06-01,152
2021-06-02,153
2021-06-03,154
2021-06-04,155
2021-06-05,156
2021-06-06,157
2021-06-07,158
2021-06-08,159
2021-06-09,160
2021-06-10,161
2021-06-11,162
2021-06-12,163
2021-06-13,164
2021-06-14,165
2021-06-15,166
2021-06-16,167
2021-06-17,168
2021-06-18,169
2021-06-19,170
2021-06-20,171
2021-06-21,172
2021-06-22,173
2021-06-23,174
2021-06-24,175
2021-06-25,176
2021-06-26,177
2021-06-27,178
2021-06-28,179
2021-06-29,180
2021-06-30,181
2021-07-01,182
2021-07-02,183
2021-07-03,184
2021-07-04,185
2021-07-05,186
2021-07-06,187
2021-07-07,188
2021-07-08,189
2021-07-09,190
2021-07-10,191
2021-07-11,192
2021-07-12,193
2021-07-13,194
2021-07-14,195
2021-07-15,196
2021-07-16,197
2021-07-17,198
2021-07-18,199
2021-07-19,200
2021-07-20,201
2021-07-21,202
2021-07-22,203
2021-07-23,204
2021-07-24,205
2021-07-25,206
2021-07-26,207
2021-07-27,208
2021-07-28,209
2021-07-29,210
2021-07-30,211
2021-07-31,212
2021-08-01,213
2021-08-02,214
2021-08-03,215
2021-08-04,216
2021-08-05,217
2021-08-06,218
2021-08-07,219
2021-08-08,220
2021-08-09,221
2021-08-10,222
2021-08-11,223
2021-08-12,224
2021-08-13,225
2021-08-14,226
2021-08-15,227
2021-08-16,228
2021-08-17,229
2021-08-18,230
2021-08-19,231
2021-08-20,232
2021-08-21,233
2021-08-22,234
2021-08-23,235
2021-08-24,236
2021-08-25,237
2021-08-26,238
2021-08-27,239
2021-08-28,240
2021-08-29,241
2021-08-30,242
2021-08-31,243
2021-09-01,244
2021-09-02,245
2021-09-03,246
2021-09-04,247
2021-09-05,248
2021-09-06,249
2021-09-07,250
2021-09-08,251
2021-09-09,252
2021-09-10,253
2021-09-11,254
2021-09-12,255
2021-09-13,256
2021-09-14,257
2021-09-15,258
2021-09-16,259
2021-09-17,260
2021-09-18,261
2021-09-19,262
2021-09-20,263
2021-09-21,264
2021-09-22,265
2021-09-23,266
2021-09-24,267
2021-09-25,268
2021-09-26,269
2021-09-27,270
2021-09-28,271
2021-09-29,272
2021-09-30,273
2021-10-01,274
2021-10-02,275
2021-10-03,276
2021-10-04,277
2021-10-05,278
2021-10-06,279
2021-10-07,280
2021-10-08,281
2021-10-09,282
2021-10-10,283
2021-10-11,284
2021-10-12,285
2021-10-13,286
2021-10-14,287
2021-10-15,288
2021-10-16,289
2021-10-17,290
2021-10-18,291
2021-10-19,292
2021-10-20,293
2021-10-21,294
2021-10-22,295
2021-10-23,296
2021-10-24,297
2021-10-25,298
2021-10-26,299
2021-10-27,300
2021-10-28,301
2021-10-29,302
2021-10-30,303
2021-10-31,304
2021-11-01,305
2021-11-02,306
2021-11-03,307
2021-11-04,308
2021-11-05,309
2021-11-06,310
2021-11-07,311
2021-11-08,312
2021-11-09,313
2021-11-10,314
2021-11-11,315
2021-11-12,316
2021-11-13,317
2021-11-14,318
2021-11-15,319
2021-11-16,320
2021-11-17,321
2021-11-18,322
2021-11-19,323
2021-11-20,324
2021-11-21,325
2021-11-22,326
2021-11-23,327
2021-11-24,328
2021-11-25,329
2021-11-26,330
2021-11-27,331
2021-11-28,332
2021-11-29,333
2021-11-30,334
2021-12-01,335
2021-12-02,336
2021-12-03,337
2021-12-04,338
2021-12-05,339
2021-12-06,340
2021-12-07,341
2021-12-08,342
2021-12-09,343
2021-12-10,344
2021-12-11,345
2021-12-12,346
2021-12-13,347
2021-12-14,348
2021-12-15,349
2021-12-16,350
2021-12-17,351
2021-12-18,352
2021-12-19,353
2021-12-20,354
2021-12-21,355
2021-12-22,356
2021-12-23,357
2021-12-24,358
2021-12-25,359
2021-12-26,360
2021-12-27,361
2021-12-28,362
2021-12-29,363
2021-12-30,364
2021-12-31,365
2022-01-01,1
2022-01-02,2
2022-01-03,3
2022-01-04,4
2022-01-05,5
2022-01-06,6
2022-01-07,7
2022-01-08,8
2022-01-09,9
2022-01-10,10
2022-01-11,11
2022-01-12,12
2022-01-13,13
2022-01-14,14
2022-01-15,15
2022-01-16,16
2022-01-17,17
2022-01-18,18
2022-01-19,19
2022-01-20,20
2022-01-21,21
2022-01-22,22
2022-01-23,23
2022-01-24,24
2022-01-25,25
2022-01-26,26
2022-01-27,27
2022-01-28,28
2022-01-29,29
2022-01-30,30
2022-01-31,31
2022-02-01,32
2022-02-02,33
2022-02-03,34
2022-02-04,35
2022-02-05,36
2022-02-06,37
2022-02-07,38
2022-02-08,39
2022-02-09,40
2022-02-10,41
2022-02-11,42
2022-02-12,43
2022-02-13,44
2022-02-14,45
2022-02-15,46
2022-02-16,47
2022-02-17,48
2022-02-18,49
2022-02-19,50
2022-02-20,51
2022-02-21,52
2022-02-22,53
2022-02-23,54
2022-02-24,55
2022-02-25,56
2022-02-26,57
2022-02-27,58
2022-02-28,59
2022-03-01,60
2022-03-02,61
2022-03-03,62
2022-03-04,63
2022-03-05,64
2022-03-06,65
2022-03-07,66
2022-03-08,67
2022-03-09,68
2022-03-10,69
2022-03-11,70
2022-03-12,71
2022-03-13,72
2022-03-14,73
2022-03-15,74
2022-03-16,75
2022-03-17,76
2022-03-18,77
2022-03-19,78
2022-03-20,79
2022-03-21,80
2022-03-22,81
2022-03-23,82
2022-03-24,83
2022-03-25,84
2022-03-26,85
2022-03-27,86
2022-03-28,87
2022-03-29,88
2022-03-30,89
2022-03-31,90
2022-04-01,91
2022-04-02,92
2022-04-03,93
2022-04-04,94
2022-04-05,95
2022-04-06,96
2022-04-07,97
2022-04-08,98
2022-04-09,99
2022-04-10,100
2022-04-11,101
2022-04-12,102
2022-04-13,103
2022-04-14,104
2022-04-15,105
2022-04-16,106
2022-04-17,107
2022-04-18,108
2022-04-19,109
2022-04-20,110
2022-04-21,111
2022-04-22,112
2022-04-23,113
2022-04-24,114
2022-04-25,115
2022-04-26,116
2022-04-27,117
2022-04-28,118
2022-04-29,119
2022-04-30,120
2022-05-01,121
2022-05-02,122
2022-05-03,123
2022-05-04,124
2022-05-05,125
2022-05-06,126
2022-05-07,127
2022-05-08,128
2022-05-09,129
2022-05-10,130
2022-05-11,131
2022-05-12,132
2022-05-13,133
2022-05-14,134
2022-05-15,135
2022-05-16,136
2022-05-17,137
2022-05-18,138
2022-05-19,139
2022-05-20,140
2022-05-21,141
2022-05-22,142
2022-05-23,143
2022-05-24,144
2022-05-25,145
2022-05-26,146
2022-05-27,147
2022-05-28,148
2022-05-29,149
2022-05-30,150
2022-05-31,151
2022-06-01,152
2022-06-02,153
2022-06-03,154
2022-06-04,155
2022-06-05,156
2022-06-06,157
2022-06-07,158
2022-06-08,159
2022-06-09,160
2022-06-10,161
2022-06-11,162
2022-06-12,163
2022-06-13,164
2022-06-14,165
2022-06-15,166
2022-06-16,167
2022-06-17,168
2022-06-18,169
2022-06-19,170
2022-06-20,171
2022-06-21,172
2022-06-22,173
2022-06-23,174
2022-06-24,175
2022-06-25,176
2022-06-26,177
2022-06-27,178
2022-06-28,179
2022-06-29,180
2022-06-30,181
2022-07-01,182
2022-07-02,183
2022-07-03,184
2022-07-04,185
2022-07-05,186
2022-07-06,187
2022-07-07,188
2022-07-08,189
2022-07-09,190
2022-07-10,191
2022-07-11,192
2022-07-12,193
2022-07-13,194
2022-07-14,195
2022-07-15,196
2022-07-16,197
2022-07-17,198
2022-07-18,199
2022-07-19,200
2022-07-20,201
2022-07-21,202
2022-07-22,203
2022-07-23,204
2022-07-24,205
2022-07-25,206
2022-07-26,207
2022-07-27,208
2022-07-28,209
2022-07-29,210
2022-07-30,211
2022-07-31,212
2022-08-01,213
2022-08-02,214
2022-08-03,215
2022-08-04,216
2022-08-05,217
2022-08-06,218
2022-08-07,219
2022-08-08,220
2022-08-09,221
2022-08-10,222
2022-08-11,223
2022-08-12,224
2022-08-13,225
2022-08-14,226
2022-08-15,227
2022-08-16,228
2022-08-17,229
2022-08-18,230
2022-08-19,231
2022-08-20,232
2022-08-21,233
2022-08-22,234
2022-08-23,235
2022-08-24,236
2022-08-25,237
2022-08-26,238
2022-08-27,239
2022-08-28,240
2022-08-29,241
2022-08-30,242
2022-08-31,243
2022-09-01,244
2022-09-02,245
2022-09-03,246
2022-09-04,247
2022-09-05,248
2022-09-06,249
2022-09-07,250
2022-09-08,251
2022-09-09,252
2022-09-10,253
2022-09-11,254
2022-09-12,255
2022-09-13,256
2022-09-14,257
2022-09-15,258
2022-09-16,259
2022-09-17,260
2022-09-18,261
2022-09-19,262
2022-09-20,263
2022-09-21,264
2022-09-22,265
2022-09-23,266
2022-09-24,267
2022-09-25,268
2022-09-26,269
2022-09-27,270
2022-09-28,271
2022-09-29,272
2022-09-30,273
2022-10-01,274
2022-10-02,275
2022-10-03,276
2022-10-04,277
2022-10-05,278
2022-10-06,279
2022-10-07,280
2022-10-08,281
2022-10-09,282
2022-10-10,283
2022-10-11,284
2022-10-12,285
2022-10-13,286
2022-10-14,287
2022-10-15,288
2022-10-16,289
2022-10-17,290
2022-10-18,291
2022-10-19,292
2022-10-20,293
2022-10-21,294
2022-10-22,295
2022-10-23,296
2022-10-24,297
2022-10-25,298
2022-10-26,299
2022-10-27,300
2022-10-28,301
2022-10-29,302
2022-10-30,303
2022-10-31,304
2022-11-01,305
2022-11-02,306
2022-11-03,307
2022-11-04,308
2022-11-05,309
2022-11-06,310
2022-11-07,311
2022-11-08,312
2022-11-09,313
2022-11-10,314
2022-11-11,315
2022-11-12,316
2022-11-13,317
2022-11-14,318
2022-11-15,319
2022-11-16,320
2022-11-17,321
2022-11-18,322
2022-11-19,323
2022-11-20,324
2022-11-21,325
2022-11-22,326
2022-11-23,327
2022-11-24,328
2022-11-25,329
2022-11-26,330
2022-11-27,331
2022-11-28,332
2022-11-29,333
2022-11-30,334
2022-12-01,335
2022-12-02,336
2022-12-03,337
2022-12-04,338
2022-12-05,339
2022-12-06,340
2022-12-07,341
2022-12-08,342
2022-12-09,343
2022-12-10,344
2022-12-11,345
2022-12-12,346
2022-12-13,347
2022-12-14,348
2022-12-15,349
2022-12-16,350
2022-12-17,351
2022-12-18,352
2022-12-19,353
2022-12-20,354
2022-12-21,355
2022-12-22,356
2022-12-23,357
2022-12-24,358
2022-12-25,359
2022-12-26,360
2022-12-27,361
2022-12-28,362
2022-12-29,363
2022-12-30,364
2022-12-31,365
2023-01-01,1
2023-01-02,2
2023-01-03,3
2023-01-04,4
2023-01-05,5
2023-01-06,6
2023-01-07,7
2023-01-08,8
2023-01-09,9
2023-01-10,10
2023-01-11,11
2023-01-12,12
2023-01-13,13
2023-01-14,14
2023-01-15,15
2023-01-16,16
2023-01-17,17
2023-01-18,18
2023-01-19,19
2023-01-20,20
2023-01-21,21
2023-01-22,22
2023-01-23,23
2023-01-24,24
2023-01-25,25
2023-01-26,26
2023-01-27,27
2023-01-28,28
2023-01-29,29
2023-01-30,30
2023-01-31,31
2023-02-01,32
2023-02-02,33
2023-02-03,34
2023-02-04,35
2023-02-05,36
2023-02-06,37
2023-02-07,38
2023-02-08,39
2023-02-09,40
2023-02-10,41
2023-02-11,42
2023-02-12,43
2023-02-13,44
2023-02-14,45
2023-02-15,46
2023-02-16,47
2023-02-17,48
2023-02-18,49
2023-02-19,50
2023-02-20,51
2023-02-21,52
2023-02-22,53
2023-02-23,54
2023-02-24,55
2023-02-25,56
2023-02-26,57
2023-02-27,58
2023-02-28,59
2023-03-01,60
2023-03-02,61
2023-03-03,62
2023-03-04,63
2023-03-05,64
2023-03-06,65
2023-03-07,66
2023-03-08,67
2023-03-09,68
2023-03-10,69
2023-03-11,70
2023-03-12,71
2023-03-13,72
2023-03-14,73
2023-03-15,74
2023-03-16,75
2023-03-17,76
2023-03-18,77
2023-03-19,78
2023-03-20,79
2023-03-21,80
2023-03-22,81
2023-03-23,82
2023-03-24,83
2023-03-25,84
2023-03-26,85
2023-03-27,86
2023-03-28,87
2023-03-29,88
2023-03-30,89
2023-03-31,90
2023-04-01,91
2023-04-02,92
2023-04-03,93
2023-04-04,94
2023-04-05,95
2023-04-06,96
2023-04-07,97
2023-04-08,98
2023-04-09,99
2023-04-10,100
2023-04-11,101
2023-04-12,102
2023-04-13,103
2023-04-14,104
2023-04-15,105
2023-04-16,106
2023-04-17,107
2023-04-18,108
2023-04-19,109
2023-04-20,110
2023-04-21,111
2023-04-22,112
2023-04-23,113
2023-04-24,114
2023-04-25,115
2023-04-26,116
2023-04-27,117
2023-04-28,118
2023-04-29,119
2023-04-30,120
2023-05-01,121
2023-05-02,122
2023-05-03,123
2023-05-04,124
2023-05-05,125
2023-05-06,126
2023-05-07,127
2023-05-08,128
2023-05-09,129
2023-05-10,130
2023-05-11,131
2023-05-12,132
2023-05-13,133
2023-05-14,134
2023-05-15,135
2023-05-16,136
2023-05-17,137
2023-05-18,138
2023-05-19,139
2023-05-20,140
2023-05-21,141
2023-05-22,142
2023-05-23,143
2023-05-24,144
2023-05-25,145
2023-05-26,146
2023-05-27,147
2023-05-28,148
2023-05-29,149
2023-05-30,150
2023-05-31,151
2023-06-01,152
2023-06-02,153
2023-06-03,154
2023-06-04,155
2023-06-05,156
2023-06-06,157
2023-06-07,158
2023-06-08,159
2023-06-09,160
2023-06-10,161
2023-06-11,162
2023-06-12,163
2023-06-13,164
2023-06-14,165
2023-06-15,166
2023-06-16,167
2023-06-17,168
2023-06-18,169
2023-06-19,170
2023-06-20,171
2023-06-21,172
2023-06-22,173
2023-06-23,174
2023-06-24,175
2023-06-25,176
2023-06-26,177
2023-06-27,178
2023-06-28,179
2023-06-29,180
2023-06-30,181
2023-07-01,182
2023-07-02,183
2023-07-03,184
2023-07-04,185
2023-07-05,186
2023-07-06,187
2023-07-07,188
2023-07-08,189
2023-07-09,190
2023-07-10,191
2023-07-11,192
2023-07-12,193
2023-07-13,194
2023-07-14,195
2023-07-15,196
2023-07-16,197
2023-07-17,198
2023-07-18,199
2023-07-19,200
2023-07-20,201
2023-07-21,202
2023-07-22,203
2023-07-23,204
2023-07-24,205
2023-07-25,206
2023-07-26,207
2023-07-27,208
2023-07-28,209
2023-07-29,210
2023-07-30,211
2023-07-31,212
2023-08-01,213
2023-08-02,214
2023-08-03,215
2023-08-04,216
2023-08-05,217
2023-08-06,218
2023-08-07,219
2023-08-08,220
2023-08-09,221
2023-08-10,222
2023-08-11,223
2023-08-12,224
2023-08-13,225
2023-08-14,226
2023-08-15,227
2023-08-16,228
2023-08-17,229
2023-08-18,230
2023-08-19,231
2023-08-20,232
2023-08-21,233
2023-08-22,234
2023-08-23,235
2023-08-24,236
2023-08-25,237
2023-08-26,238
2023-08-27,239
2023-08-28,240
2023-08-29,241
2023-08-30,242
2023-08-31,243
2023-09-01,244
2023-09-02,245
2023-09-03,246
2023-09-04,247
2023-09-05,248
2023-09-06,249
2023-09-07,250
2023-09-08,251
2023-09-09,252
2023-09-10,253
2023-09-11,254
2023-09-12,255
2023-09-13,256
2023-09-14,257
2023-09-15,258
2023-09-16,259
2023-09-17,260
2023-09-18,261
2023-09-19,262
2023-09-20,263
2023-09-21,264
2023-09-22,265
2023-09-23,266
2023-09-24,267
2023-09-25,268
2023-09-26,269
2023-09-27,270
2023-09-28,271
2023-09-29,272
2023-09-30,273
2023-10-01,274
2023-10-02,275
2023-10-03,276
2023-10-04,277
2023-10-05,278
2023-10-06,279
2023-10-07,280
2023-10-08,281
2023-10-09,282
2023-10-10,283
2023-10-11,284
2023-10-12,285
2023-10-13,286
2023-10-14,287
2023-10-15,288
2023-10-16,289
2023-10-17,290
2023-10-18,291
2023-10-19,292
2023-10-20,293
2023-10-21,294
2023-10-22,295
2023-10-23,296
2023-10-24,297
2023-10-25,298
2023-10-26,299
2023-10-27,300
2023-10-28,301
2023-10-29,302
2023-10-30,303
2023-10-31,304
2023-11-01,305
2023-11-02,306
2023-11-03,307
2023-11-04,308
2023-11-05,309
2023-11-06,310
2023-11-07,311
2023-11-08,312
2023-11-09,313
2023-11-10,314
2023-11-11,315
2023-11-12,316
2023-11-13,317
2023-11-14,318
2023-11-15,319
2023-11-16,320
2023-11-17,321
2023-11-18,322
2023-11-19,323
2023-11-20,324
2023-11-21,325
2023-11-22,326
2023-11-23,327
2023-11-24,328
2023-11-25,329
2023-11-26,330
2023-11-27,331
2023-11-28,332
2023-11-29,333
2023-11-30,334
2023-12-01,335
2023-12-02,336
2023-12-03,337
2023-12-04,338
2023-12-05,339
2023-12-06,340
2023-12-07,341
2023-12-08,342
2023-12-09,343
2023-12-10,344
2023-12-11,345
2023-12-12,346
2023-12-13,347
2023-12-14,348
2023-12-15,349
2023-12-16,350
2023-12-17,351
2023-12-18,352
2023-12-19,353
2023-12-20,354
2023-12-21,355
2023-12-22,356
2023-12-23,357
2023-12-24,358
2023-12-25,359
2023-12-26,360
2023-12-27,361
2023-12-28,362
2023-12-29,363
2023-12-30,364
2023-12-31,365
2024-01-01,1
2024-01-02,2
2024-01-03,3
2024-01-04,4
2024-01-05,5
2024-01-06,6
2024-01-07,7
2024-01-08,8
2024-01-09,9
2024-01-10,10
2024-01-11,11
2024-01-12,12
2024-01-13,13
2024-01-14,14
2024-01-15,15
2024-01-16,16
2024-01-17,17
2024-01-18,18
2024-01-19,19
2024-01-20,20
2024-01-21,21
2024-01-22,22
2024-01-23,23
2024-01-24,24
2024-01-25,25
2024-01-26,26
2024-01-27,27
2024-01-28,28
2024-01-29,29
2024-01-30,30
2024-01-31,31
2024-02-01,32
2024-02-02,33
2024-02-03,34
2024-02-04,35
2024-02-05,36
2024-02-06,37
2024-02-07,38
2024-02-08,39
2024-02-09,40
2024-02-10,41
2024-02-11,42
2024-02-12,43
2024-02-13,44
2024-02-14,45
2024-02-15,46
2024-02-16,47
2024-02-17,48
2024-02-18,49
2024-02-19,50
2024-02-20,51
2024-02-21,52
2024-02-22,53
2024-02-23,54
2024-02-24,55
2024-02-25,56
2024-02-26,57
2024-02-27,58
2024-02-28,59
2024-02-29,60
2024-03-01,61
2024-03-02,62
2024-03-03,63
2024-03-04,64
2024-03-05,65
2024-03-06,66
2024-03-07,67
2024-03-08,68
2024-03-09,69
2024-03-10,70
2024-03-11,71
2024-03-12,72
2024-03-13,73
2024-03-14,74
2024-03-15,75
2024-03-16,76
2024-03-17,77
2024-03-18,78
2024-03-19,79
2024-03-20,80
2024-03-21,81
2024-03-22,82
2024-03-23,83
2024-03-24,84
2024-03-25,85
2024-03-26,86
2024-03-27,87
2024-03-28,88
2024-03-29,89
2024-03-30,90
2024-03-31,91
2024-04-01,92
2024-04-02,93
2024-04-03,94
2024-04-04,95
2024-04-05,96
2024-04-06,97
2024-04-07,98
2024-04-08,99
2024-04-09,100
2024-04-10,101
2024-04-11,102
2024-04-12,103
2024-04-13,104
2024-04-14,105
2024-04-15,106
2024-04-16,107
2024-04-17,108
2024-04-18,109
2024-04-19,110
2024-04-20,111
2024-04-21,112
2024-04-22,113
2024-04-23,114
2024-04-24,115
2024-04-25,116
2024-04-26,117
2024-04-27,118
2024-04-28,119
2024-04-29,120
2024-04-30,121
2024-05-01,122
2024-05-02,123
2024-05-03,124
2024-05-04,125
2024-05-05,126
2024-05-06,127
2024-05-07,128
2024-05-08,129
2024-05-09,130
2024-05-10,131
2024-05-11,132
2024-05-12,133
2024-05-13,134
2024-05-14,135
2024-05-15,136
2024-05-16,137
2024-05-17,138
2024-05-18,139
2024-05-19,140
2024-05-20,141
2024-05-21,142
2024-05-22,143
2024-05-23,144
2024-05-24,145
2024-05-25,146
2024-05-26,147
2024-05-27,148
2024-05-28,149
2024-05-29,150
2024-05-30,151
2024-05-31,152
2024-06-01,153
2024-06-02,154
2024-06-03,155
2024-06-04,156
2024-06-05,157
2024-06-06,158
2024-06-07,159
2024-06-08,160
2024-06-09,161
2024-06-10,162
2024-06-11,163
2024-06-12,164
2024-06-13,165
2024-06-14,166
2024-06-15,167
2024-06-16,168
2024-06-17,169
2024-06-18,170
2024-06-19,171
2024-06-20,172
2024-06-21,173
2024-06-22,174
2024-06-23,175
2024-06-24,176
2024-06-25,177
2024-06-26,178
2024-06-27,179
2024-06-28,180
2024-06-29,181
2024-06-30,182
2024-07-01,183
2024-07-02,184
2024-07-03,185
2024-07-04,186
2024-07-05,187
2024-07-06,188
2024-07-07,189
2024-07-08,190
2024-07-09,191
2024-07-10,192
2024-07-11,193
2024-07-12,194
2024-07-13,195
2024-07-14,196
2024-07-15,197
2024-07-16,198
2024-07-17,199
2024-07-18,200
2024-07-19,201
2024-07-20,202
2024-07-21,203
2024-07-22,204
2024-07-23,205
2024-07-24,206
2024-07-25,207
2024-07-26,208
2024-07-27,209
2024-07-28,210
2024-07-29,211
2024-07-30,212
2024-07-31,213
2024-08-01,214
2024-08-02,215
2024-08-03,216
2024-08-04,217
2024-08-05,218
2024-08-06,219
2024-08-07,220
2024-08-08,221
2024-08-09,222
2024-08-10,223
2024-08-11,224
2024-08-12,225
2024-08-13,226
2024-08-14,227
2024-08-15,228
2024-08-16,229
2024-08-17,230
2024-08-18,231
2024-08-19,232
2024-08-20,233
2024-08-21,234
2024-08-22,235
2024-08-23,236
2024-08-24,237
2024-08-25,238
2024-08-26,239
2024-08-27,240
2024-08-28,241
2024-08-29,242
2024-08-30,243
2024-08-31,244
2024-09-01,245
2024-09-02,246
2024-09-03,247
2024-09-04,248
2024-09-05,249
2024-09-06,250
2024-09-07,251
2024-09-08,252
2024-09-09,253
2024-09-10,254
2024-09-11,255
2024-09-12,256
2024-09-13,257
2024-09-14,258
2024-09-15,259
2024-09-16,260
2024-09-17,261
2024-09-18,262
2024-09-19,263
2024-09-20,264
2024-09-21,265
2024-09-22,266
2024-09-23,267
2024-09-24,268
2024-09-25,269
2024-09-26,270
2024-09-27,271
2024-09-28,272
2024-09-29,273
2024-09-30,274
2024-10-01,275
2024-10-02,276
2024-10-03,277
2024-10-04,278
2024-10-05,279
2024-10-06,280
2024-10-07,281
2024-10-08,282
2024-10-09,283
2024-10-10,284
2024-10-11,285
2024-10-12,286
2024-10-13,287
2024-10-14,288
2024-10-15,289
2024-10-16,290
2024-10-17,291
2024-10-18,292
2024-10-19,293
2024-10-20,294
2024-10-21,295
2024-10-22,296
2024-10-23,297
2024-10-24,298
2024-10-25,299
2024-10-26,300
2024-10-27,301
2024-10-28,302
2024-10-29,303
2024-10-30,304
2024-10-31,305
2024-11-01,306
2024-11-02,307
2024-11-03,308
2024-11-04,309
2024-11-05,310
2024-11-06,311
2024-11-07,312
2024-11-08,313
2024-11-09,314
2024-11-10,315
2024-11-11,316
2024-11-12,317
2024-11-13,318
2024-11-14,319
2024-11-15,320
2024-11-16,321
2024-11-17,322
2024-11-18,323
2024-11-19,324
2024-11-20,325
2024-11-21,326
2024-11-22,327
2024-11-23,328
2024-11-24,329
2024-11-25,330
2024-11-26,331
2024-11-27,332
2024-11-28,333
2024-11-29,334
2024-11-30,335
2024-12-01,336
2024-12-02,337
2024-12-03,338
2024-12-04,339
2024-12-05,340
2024-12-06,341
2024-12-07,342
2024-12-08,343
2024-12-09,344
2024-12-10,345
2024-12-11,346
2024-12-12,347
2024-12-13,348
2024-12-14,349
2024-12-15,350
2024-12-16,351
2024-12-17,352
2024-12-18,353
2024-12-19,354
2024-12-20,355
2024-12-21,356
2024-12-22,357
2024-12-23,358
2024-12-24,359
2024-12-25,360
2024-12-26,361
2024-12-27,362
2024-12-28,363
2024-12-29,364
2024-12-30,365
2024-12-31,366
2025-01-01,1
2025-01-02,2
2025-01-03,3
2025-01-04,4
2025-01-05,5
2025-01-06,6
2025-01-07,7
2025-01-08,8
2025-01-09,9
2025-01-10,10
2025-01-11,11
2025-01-12,12
2025-01-13,13
2025-01-14,14
2025-01-15,15
2025-01-16,16
2025-01-17,17
2025-01-18,18
2025-01-19,19
2025-01-20,20
2025-01-21,21
2025-01-22,22
2025-01-23,23
2025-01-24,24
2025-01-25,25
2025-01-26,26
2025-01-27,27
2025-01-28,28
2025-01-29,29
2025-01-30,30
2025-01-31,31
2025-02-01,32
2025-02-02,33
2025-02-03,34
2025-02-04,35
2025-02-05,36
